{
  "builder_name": "funsd",
  "citation": "@article{Jaume2019FUNSDAD,\n  title={FUNSD: A Dataset for Form Understanding in Noisy Scanned Documents},\n  author={Guillaume Jaume and H. K. Ekenel and J. Thiran},\n  journal={2019 International Conference on Document Analysis and Recognition Workshops (ICDARW)},\n  year={2019},\n  volume={2},\n  pages={1-6}\n}\n",
  "config_name": "funsd",
  "dataset_size": 1660875,
  "description": "https://guillaumejaume.github.io/FUNSD/\n",
  "download_checksums": {
    "https://guillaumejaume.github.io/FUNSD/dataset.zip": {
      "num_bytes": 16838830,
      "checksum": "c31735649e4f441bcbb4fd0f379574f7520b42286e80b01d80b445649d54761f"
    }
  },
  "download_size": 16838830,
  "features": {
    "id": {
      "dtype": "string",
      "id": null,
      "_type": "Value"
    },
    "words": {
      "feature": {
        "dtype": "string",
        "id": null,
        "_type": "Value"
      },
      "length": -1,
      "id": null,
      "_type": "Sequence"
    },
    "bboxes": {
      "feature": {
        "feature": {
          "dtype": "int64",
          "id": null,
          "_type": "Value"
        },
        "length": -1,
        "id": null,
        "_type": "Sequence"
      },
      "length": -1,
      "id": null,
      "_type": "Sequence"
    },
    "ner_tags": {
      "feature": {
        "num_classes": 7,
        "names": [
          "O",
          "B-HEADER",
          "I-HEADER",
          "B-QUESTION",
          "I-QUESTION",
          "B-ANSWER",
          "I-ANSWER"
        ],
        "id": null,
        "_type": "ClassLabel"
      },
      "length": -1,
      "id": null,
      "_type": "Sequence"
    },
    "image_path": {
      "dtype": "string",
      "id": null,
      "_type": "Value"
    },
    "image": {
      "bytes": {
        "dtype": "binary",
        "id": null,
        "_type": "Value"
      }
    }
  },
  "homepage": "https://guillaumejaume.github.io/FUNSD/",
  "license": "",
  "post_processed": null,
  "post_processing_size": null,
  "size_in_bytes": 18499705,
  "splits": {
    "train": {
      "name": "train",
      "num_bytes": 1189577,
      "num_examples": 149,
      "dataset_name": "funsd"
    },
    "test": {
      "name": "test",
      "num_bytes": 471298,
      "num_examples": 50,
      "dataset_name": "funsd"
    }
  },
  "supervised_keys": null,
  "task_templates": null,
  "version": {
    "version_str": "1.0.0",
    "description": null,
    "major": 1,
    "minor": 0,
    "patch": 0
  }
}